,array_id,ecotype_id,median_intensity,latitude,longitude,nativename,firstname,surname,site,region,country,PC1,PC2,PC3,PC4,PC5,PC6,PC7,PC8,PC9,PC10
1,641,AlpineRusset,476,55.8106,14.2091,Fri 1,Alison,Anastasio,Frisaboda,US,US,-9.355572873,-0.746540287,13.18420579,2.04078026,-6.885123924,-1.938220915,-12.13333736,1.672639836,-3.084244281,1.629061735
2,642,BeaconChipper,556,55.7488,13.3742,FlyA 3,Alison,Anastasio,Flyinge,US,US,5.559876356,-3.127189442,6.786950888,5.48610981,2.446295767,-6.337749767,2.537227529,-2.75607737,1.570805311,-11.25742759
3,643,BlazerRusset,542,63.0165,18.3174,FaU 4,Alison,Anastasio,Faberget-Upper,US,US,-9.526658655,-2.650753142,15.32562309,-1.019745913,-0.303847769,-3.680348387,-4.35245778,8.110715522,-5.589013446,3.571452898
4,644,CentennialRusset,478,63.016,18.3175,FaL 1,Alison,Anastasio,Faberget-Lower,US,US,-5.191007841,-1.999267517,7.391923555,-2.537745027,3.682140539,-3.480680384,3.757994803,3.203330751,0.192920284,6.189800739
5,645,Chieftain,560,57.6787,14.9981,EkN 3,Alison,Anastasio,Eksjoholm-Norra,US,US,-6.208552594,-0.746029452,5.800234412,-1.556985421,-4.722257155,-0.88153779,-9.927653047,-2.76857981,8.610529088,-1.077667859
6,646,Chipeta,363,62.9147,18.4045,EdJ 2,Alison,Anastasio,Edsattersjon,US,US,3.50200012,-4.506095901,6.127130658,4.784528694,5.14173595,1.662247066,1.597036469,-5.157276662,-0.532590384,4.759570657
7,647,Chippewa,335,62.8762,18.1746,Eden 17,Alison,Anastasio,Eden,US,US,-0.453166523,-4.530146106,13.88985421,13.93053043,5.947308381,-7.424453422,7.324802293,5.847556137,-2.216844653,-4.15541328
8,648,ClassicRusset,482,62.8762,18.1746,Eden 16,Alison,Anastasio,Eden,US,US,-7.361434571,-3.264058295,14.06629362,-0.243375774,-0.188493316,-3.285804457,-7.129789397,0.854137507,-1.164339619,0.349769591
9,649,ClearwaterRusset,360,62.8762,18.1746,Eden 15,Alison,Anastasio,Eden,US,US,-9.234998755,-3.244985252,14.53284616,-2.000366579,-2.645693516,-3.133130849,-12.95323616,-2.095671411,-3.158808496,1.685145549
10,650,DakotaCrisp,353,57.2608,16.3675,Dod 3,Alison,Anastasio,Doderhult,US,US,9.536975093,-0.353905233,3.829191143,1.139346074,0.343172149,0.963407737,2.741060188,-4.199358194,5.517079707,-1.515909758
11,651,DakotaDiamond,517,57.2608,16.3675,Dod 2,Alison,Anastasio,Doderhult,US,US,4.529306539,-4.700472384,4.368303046,4.451547154,4.458806135,5.142016781,5.393244294,-5.701305627,-6.993433619,-0.733304661
12,652,DakotaJewel,470,57.2608,16.3675,Dod 1,Alison,Anastasio,Doderhult,US,US,-3.161129914,-1.206212777,2.882683349,-0.468766398,1.146588681,4.351781781,-7.675437444,-0.344977797,5.36526088,-1.28084585
13,653,DarkRedNorland,548,57.3089,18.1512,Dja 2,Alison,Anastasio,Djauvik,US,US,-6.127966554,-4.270459734,5.623990215,8.317691963,0.340950715,0.665281918,-0.181120767,9.396421916,0.279150183,-3.972376287
14,654,Defender,655,57.3089,18.1512,Dja 1,Alison,Anastasio,Djauvik,US,US,-7.796952417,4.457957622,2.434723028,-4.191668342,-0.70772322,0.873552811,2.120842126,6.656384833,-7.396457617,0.205814236
15,655,Denali,344,57.7133,15.0689,Bot 1,Alison,Anastasio,Botteryd,US,US,12.21932242,0.007872931,5.93921839,-3.628157886,14.04715359,1.117752891,4.833316682,7.056923536,8.427446583,-3.622107954
16,656,Eramosa,504,62.8794,18.4473,Bon 1,Alison,Anastasio,Bonhamn,US,US,-1.871537262,-5.536195425,-1.547476048,-0.542322294,-1.022097306,4.222613195,-1.470162526,0.688701779,4.686958832,2.21399413
17,657,Eva,602,62.8698,18.381,Bar 1,Alison,Anastasio,Barsta,US,US,8.066771317,-0.788018917,3.170523358,0.261699339,2.249731519,3.514012802,4.018478775,-3.066846489,-0.500884731,-3.382725362
18,659,FreedomRusset,291,62.8622,18.336,Adal 3,Alison,Anastasio,Adal,US,US,-6.158697223,-1.613972229,11.83358012,2.187531843,-0.590128865,-0.324804282,-2.410240292,3.474908854,-0.761015294,5.982235046
19,660,GarnetChile,564,62.8622,18.336,Adal 1,Alison,Anastasio,Adal,US,US,-6.51971462,1.646111882,-2.269460915,-6.682782757,5.461126049,-7.554307438,-7.041667553,-5.839192469,0.623086483,2.611126306
20,661,GemStarRusset,313,55.4242,13.8484,Yst 2,Alison,Anastasio,Ystad,US,US,1.201904971,-3.618266834,9.338940156,0.4567819,-4.391598791,-2.727611675,-7.599638574,-3.158301223,-3.89369907,1.108807704
21,662,Katahdin,322,55.4242,13.8484,Yst 1,Alison,Anastasio,Ystad,US,US,1.85621513,-4.935041734,10.36011658,19.56752918,2.011235208,-12.96467846,7.387664299,0.680257692,-0.385822654,-7.539087318
22,663,Kennebec,609,56.0648,13.9707,UllA 2,Alison,Anastasio,Ullstorp,US,US,-0.031668482,-9.973662556,3.869713795,2.408836896,6.101757507,-6.547571573,0.198517855,1.650073743,4.516970736,6.644618371
23,664,KeukaGold,455,56.0648,13.9707,UllA 1,Alison,Anastasio,Ullstorp,US,US,8.840216836,-2.525255257,7.92253308,5.00687574,2.795942876,-0.694905282,2.041964949,-6.102048147,-0.816912409,-6.122600296
24,665,KlamathRusset,607,57.6511,14.8043,Tur 4,Alison,Anastasio,Turlunda,US,US,-8.180499581,-2.873376179,13.69226086,1.142186292,-4.921628986,-3.514754819,-4.919809242,10.33794489,-2.660155393,1.49617077
25,666,Langlade,287,57.6511,14.8043,Tur 3,Alison,Anastasio,Turlunda,US,US,-2.446641508,-8.812073681,4.676797895,6.151997055,3.344246811,-2.763159227,1.583177427,-4.050665416,-6.028579202,-0.503831513
26,667,Lehigh,398,57.8009,18.5162,Ste 4,Alison,Anastasio,Stenkyrka,US,US,19.75653284,0.741690255,2.801906602,-2.965191758,-2.883382443,-0.35532836,-1.111287527,-3.148284826,-4.255934212,1.440222551
27,668,Lelah,506,57.8009,18.5162,Ste 3,Alison,Anastasio,Stenkyrka,US,US,4.526567872,2.650100782,6.366295505,-3.822458861,4.323386061,9.071755496,-1.836413357,-4.437741279,-2.078516606,4.765076811
28,669,Liberator,695,57.8009,18.5162,Ste 2,Alison,Anastasio,Stenkyrka,US,US,11.56959294,-6.498806558,5.455689262,-1.505012919,-0.604490117,-0.761819819,4.430414817,-7.65364459,-3.047808143,0.010667283
29,671,MaineChip,381,57.2545,18.2109,Spro 2,Alison,Anastasio,Sproge,US,US,7.783948676,-3.200035368,-0.157908595,-0.210048194,9.034957486,1.776238383,7.807352056,1.099794832,-0.892292812,1.629715264
30,673,Marcy,542,58.1834,15.0062,Lag 1,Alison,Anastasio,Lagnebrunne,US,US,19.13708038,-0.404324453,2.705828019,-1.429466543,-9.859922607,-6.792323209,5.434818867,-2.428133013,2.012307616,-5.540729251
31,674,MichiganPurple,327,57.2164,18.154,Kva 2,Alison,Anastasio,Kvarnakershamn,US,US,-6.037266146,-4.10304393,-0.28982427,-2.249083503,0.742402021,2.291129733,-3.330818808,-3.450002338,3.677772183,1.114514167
32,675,Monona,451,56.0573,14.302,Kia 1,Alison,Anastasio,Kiaby,US,US,-1.964782704,-4.144965654,14.66810685,15.71432487,4.778194305,-6.102807278,4.142403375,-0.454142455,0.486318473,-11.72649921
33,676,Monticello,590,57.8765,14.8549,Hel 3,Alison,Anastasio,Helgarp,US,US,5.911836169,-2.659980457,6.702291677,3.420622873,-1.454968476,3.682536857,1.671139554,-2.61453555,-1.664933895,-3.396836191
34,680,Nicolet,343,57.6781,14.9986,EkS 2,Alison,Anastasio,Eksjoholm-Sud,US,US,6.153827739,-3.463663733,4.804898835,-7.072379689,6.338446662,7.050382859,5.977998231,-8.689691284,-4.03511583,4.724088261
35,681,Norchip,346,58.2896,15.1265,Djk 3,Alison,Anastasio,Djurklinik,US,US,-2.216316553,-3.985981909,7.987655667,2.168633689,5.369679606,2.611881579,3.280885435,-8.540593583,-4.456579145,2.167577773
36,682,Northstar,340,55.5796,14.3336,VarA 1,Alison,Anastasio,Varhallarna,US,US,1.874601817,-3.641860954,3.306481627,6.174498578,5.283063276,2.701512683,4.151548677,-4.649905727,-8.621275633,0.758823947
37,683,NorValley,418,62.9513,18.2763,Nyl 13,Alison,Anastasio,Nyland,US,US,6.193139768,1.829578121,7.761527258,-2.774014493,7.641955177,3.134709257,-0.558230754,-4.236078041,-6.062216803,4.460197994
38,684,Norwis,459,55.5678,14.3398,Sim 5,Alison,Anastasio,Simrishamn,US,US,-2.093524083,-3.896035627,13.94899415,13.83803924,3.551335533,0.052431807,1.759697547,-9.344540516,0.923901455,-6.164495537
39,685,Ontario,506,55.5678,14.3398,Sim 2,Alison,Anastasio,Simrishamn,US,US,-2.109440407,-3.984445637,6.674559504,4.74942654,-2.513395653,-0.018489898,4.336243363,-7.419354764,-8.680192476,0.669302633
40,686,PeterWilcox,580,55.5678,14.3398,Sim 1,Alison,Anastasio,Simrishamn,US,US,8.313239217,-2.479625924,1.917903697,-6.552146891,-0.430727758,2.774289064,-3.357531293,-4.579398406,7.55069217,1.812973863
41,687,Pike,346,55.3833,14.05,Ale-Stenar-56-14,Jon,Agren,Ales Stenar,US,US,20.56262069,5.812697186,3.280653507,-6.276834914,-3.505094494,-2.798408234,1.871571271,1.148844501,-7.90998502,2.359474751
42,688,PrinceHairy,232,55.3833,14.05,Ale-Stenar-50-11,Jon,Agren,Ales Stenar,US,US,0.978680696,3.440561139,2.548283424,1.550940759,0.114421553,5.243298086,5.091356017,2.983105568,-0.270010832,-5.945037019
43,689,PurplePeruvian,243,55.7167,14.1333,Brosarp-37-149,Jon,Agren,Brosarp,US,US,-5.649393795,4.702073582,0.635062248,-1.72961301,-0.694470154,3.920741316,1.046819886,1.447934446,2.675685617,-3.457751044
44,690,RangerRusset,208,55.7,14.2,VM-12,Jon,Agren,VM,US,US,-10.1118986,0.830459764,7.668815487,-4.917316057,-1.723588515,-7.418769368,-4.418486419,7.605703679,-5.892416506,8.490505332
45,691,Reba,254,65.25,15.6,Hen-16-268,Jon,Agren,Hen,US,US,0.563085297,-2.159327201,6.945411891,9.679526688,5.044776012,1.138897539,1.742623903,-7.573826802,-5.208076849,2.887218199
46,692,ReevesKingpin,400,62.8,18.2,Rod-17-319,Jon,Agren,Rod,US,US,4.513961172,1.414018947,-1.63894578,2.657394762,-11.9259694,-4.674672391,-3.193817555,-2.64800299,2.956720511,-0.712114479
47,694,Rideau,379,56.7,16.5167,Aledal-17-82,Jon,Agren,Aledal,US,US,-6.636368849,-1.771056637,7.78147132,2.305181331,-1.953977423,-1.379740911,-4.306376658,-0.797965739,5.74523938,-4.969784274
48,695,Salem,221,55.7167,14.1333,Brosarp-63-163,Jon,Agren,Brosarp,US,US,1.844348342,0.749789068,-3.286091937,10.8750415,-3.714711395,-4.653112819,10.54452074,-0.157675272,-0.585864561,1.549490076
49,696,SierraGold,224,56.6167,16.65,Gardby-17-198,Jon,Agren,Gardby,US,US,-0.600920423,-4.523751444,5.007723207,-1.319998493,5.772807032,3.678270518,-5.638649261,-8.151252866,1.37648856,5.551462884
50,699,SilvertonRusset,246,55.7167,14.1333,Brosarp-25-142,Jon,Agren,Brosarp,US,US,-3.572554999,0.021383706,10.06629348,-1.499363976,0.762289263,1.02202709,-0.477378665,2.096415214,-3.682544739,-0.737808643
51,700,Snowden,202,55.7167,14.1333,Brosarp-21-140,Jon,Agren,Brosarp,US,US,13.90798775,-3.644031745,4.655643956,-7.105958019,10.6908897,3.232507008,5.017090987,-2.438311712,2.405527087,2.077788894
52,701,UmatillaRusset,337,55.7167,14.1333,Brosarp-15-138,Jon,Agren,Brosarp,US,US,-10.4457563,-3.845020742,11.8358632,-2.447532038,-5.200437418,1.279881683,-2.813508549,7.537191612,-7.606886018,8.760483678
53,702,VillettaRose,602,59.4333,17.0167,Tos-31-374,Jon,Agren,Tos,US,US,-7.090656586,-1.691663768,6.245905864,2.131824714,-1.873433946,6.686888961,-5.148167536,11.14091264,9.522037032,1.469898538
54,704,WallowaRusset,288,55.3833,14.05,Ale-Stenar-41-1,Jon,Agren,Ales Stenar,US,US,-10.11479582,-1.824026796,10.73219556,-4.084667085,-5.129436603,-1.545125241,-3.354741438,7.38484113,-5.099841044,8.04992818
55,708,WesternRusset,228,59.8,17.5833,Stabby-13,Jon,Agren,Stabby,US,US,-9.253400782,-1.125018549,9.456823215,1.60649364,-4.333356787,-2.768875985,-3.535082476,4.30094566,-4.679590198,4.104760297
56,709,WhitePearl,533,59.7833,17.5833,Ham-27-256,Jon,Agren,Ham,US,US,2.512464274,-3.499722729,4.430082638,-4.790190648,9.4051909,7.009121506,7.679465719,-8.191696149,-4.943797664,9.485088851
57,711,Willamette,215,59.5667,16.8667,Angso-80-432,Jon,Agren,Angso,US,US,1.083800896,0.536624495,4.859860956,5.591654132,-0.32816117,2.956497324,7.566141041,-5.833286524,-3.574571724,1.639827589
58,714,YukonGem,299,59.4333,17.0167,Tos-82-387,Jon,Agren,Tos,US,US,-3.136616991,4.184603957,4.714736179,-2.075769894,4.486470662,10.28896673,-4.137243451,-0.935099814,-4.743420136,0.668101373
59,716,YukonGold,209,56.7,16.5167,Aledal-11-63,Jon,Agren,Aledal,US,US,-0.199318497,0.159184603,4.841989038,-2.128068912,10.34864311,1.715307721,-7.965715409,-4.005237518,-3.572138582,-1.50512809
60,717,ACBrador,264,56.7,16.5167,Aledal-1-34,Jon,Agren,Aledal,US,US,-5.233674919,1.953348657,-0.792579015,-1.16460377,4.501573233,0.344831006,0.979829914,2.782357441,-8.624598245,-3.319721811
61,720,AdirondackBlue,206,55.7167,14.1333,Brosarp-53-159,Jon,Agren,Brosarp,US,US,-2.444519746,4.157936834,5.456853128,-1.656635067,-5.174939397,2.538011878,-6.012087018,0.509008035,9.622793997,-3.288150406
62,721,Alturas,243,55.7167,14.1333,Brosarp-51-157,Jon,Agren,Brosarp,US,US,3.980316211,-2.593260753,10.72438857,-3.091148131,-9.45655767,-2.256052684,-8.185922789,-4.137057139,-2.573022395,4.30066805
63,723,BannockRusset,462,46.65,0.166667,VOU-5,Valerie,Le Corre,VOU,US,US,-9.900363711,-3.157696312,12.01772473,-1.295396197,-1.046569374,-0.941477683,-11.30324599,2.408446636,-2.562035273,2.320541017
64,724,Boulder,356,45.2667,1.48333,ALL1-8,Valerie,Le Corre,ALL1,US,US,16.70054897,-0.757844168,3.017627272,3.609671473,-3.081360095,-0.845034846,5.469823642,-0.392269306,0.309628508,8.056227581
65,725,Cascade,262,47.3833,5.31667,MIB-58,Valerie,Le Corre,MIB,US,US,-4.990939092,-2.719293519,6.394340225,5.098268501,-0.697893469,-4.328110802,-6.091641486,-1.947744639,4.418964918,0.116129979
66,726,DakotaPearl,460,48.6667,-4.06667,MOG-11,Valerie,Le Corre,MOG,US,US,-0.644019004,-6.735095931,6.972902788,4.933316578,7.369338759,6.537992723,4.444181929,-7.009795193,-6.817644192,4.503684419
67,727,EarlyRose,525,46.6667,4.11667,TOU-E-2,Fabrice,Roux,TOU-E,US,US,-9.148383747,2.351620546,-1.889456985,-8.15407917,5.682235101,-17.80112317,0.940792003,-1.641870953,-0.634778113,5.231410433
68,728,Elba,621,48.5167,-4.06667,LDV-31,Valerie,Le Corre,LDV,US,US,-0.402453637,3.167051325,8.423699809,5.475724173,-0.742800044,4.537408039,3.087167129,-8.819657967,-7.20959699,1.130055291
69,729,Exploits,286,46.65,0.166667,VOU-6,Valerie,Le Corre,VOU,US,US,-1.29086752,4.643331884,0.746788046,4.945809443,-2.87779031,2.616399096,1.462469175,2.738501222,-7.980309854,-1.731506305
70,730,GreenMountain,455,47.3833,5.31667,MIB-47,Valerie,Le Corre,MIB,US,US,-8.324539784,3.214995294,3.059908001,-0.359613782,-0.497660631,-11.50665575,-5.742256778,-6.511959436,5.161616491,-1.693543628
71,731,IdaRose,473,45.75,4.71667,PON,Valerie,Le Corre,PON,US,US,-7.241105084,1.206663738,12.54247818,1.832036367,-1.768155541,1.991856499,-7.132493193,-0.552703093,5.858158738,-6.779471262
72,732,IncaGold,424,47.3833,5.31667,MIB-34,Valerie,Le Corre,MIB,US,US,-6.811360387,7.253233472,3.684400216,-0.32413289,-3.346689525,16.27062744,5.505846979,2.52695156,1.468924565,-3.64089891
73,733,JacquelineLee,489,46.6667,4.11667,TOU-A1-134,Fabrice,Roux,TOU-A1,US,US,-3.982868348,1.749301681,3.69089884,4.527005267,3.721997814,8.581661351,-1.515814039,2.747902306,-3.499436282,-0.959925128
74,734,MegaChip,548,46.6667,4.11667,TOU-A1-39,Fabrice,Roux,TOU-A1,US,US,18.33906152,-1.598044753,3.455722484,-6.285638659,-1.370969152,-5.135009723,-4.600090115,-2.664200019,-4.938471115,-0.898389669
75,735,MountainRose,490,46.6667,4.11667,TOU-A1-47,Fabrice,Roux,TOU-A1,US,US,-2.24539393,-3.021404635,5.33944091,2.103534897,-0.816639937,1.578170949,0.174246458,1.573855675,3.86680559,0.604170323
76,736,Missaukee,398,45,1.75,CUR-10,Valerie,Le Corre,CUR,US,US,-1.760616037,2.356285793,-1.014031655,4.505210665,1.082713263,-0.935160109,8.692331712,4.5582632,1.78217214,-4.211134025
77,738,NorDonna,812,47.3833,5.31667,MIB-50,Valerie,Le Corre,MIB,US,US,-5.780028183,-3.22183448,7.087126812,1.407907882,0.550495782,5.110296453,-2.004719694,10.65455608,11.17452496,2.400204154
78,739,KingHarry,693,46.6667,4.11667,TOU-G-1,Fabrice,Roux,TOU-G,US,US,11.57988833,6.267970136,0.77903277,-2.148389637,-0.608636535,3.400241329,1.033955442,8.006714557,-5.719647761,-1.238455111
79,740,Waneta,550,46.6667,4.11667,TOU-A1-114,Fabrice,Roux,TOU-A1,US,US,13.70369657,4.07570386,6.078025615,-1.962596059,-7.042969932,0.555892656,-0.842602402,-2.598513612,-0.778739348,-4.861487192
80,741,PurpleMajesty,381,45.2667,1.48333,ALL2-4,Valerie,Le Corre,ALL2,US,US,-1.104810689,3.047615149,3.720508281,-2.694553958,3.665021455,4.801285866,-1.399422885,4.077919299,3.692469818,4.750669259
81,742,RochdaleGold-Doree,424,46.6667,4.11667,TOU-A1-82,Fabrice,Roux,TOU-A1,US,US,-6.274301821,3.529885898,4.056285795,1.734392939,1.094447217,3.105282266,0.191934138,7.635010714,-2.834355882,-0.095797014
82,743,TrailBlazerRusset,511,45.5333,4.85,ROM-2,Valerie,Le Corre,ROM,US,US,-4.547445088,-1.146547623,10.13541887,0.008317156,-3.063546441,-1.863511711,-3.706696673,7.645902247,-5.109815379,7.954104534
83,744,Rosa,481,46.6667,4.11667,TOU-A1-122,Fabrice,Roux,TOU-A1,US,US,3.930394703,2.597325465,3.531643434,9.533579797,-6.913063862,-0.937761562,7.41810432,-3.619757643,0.492005192,0.377189708
84,745,Sebago,441,46.6667,4.11667,TOU-I-1,Fabrice,Roux,TOU-I,US,US,0.431843229,-5.020301202,9.265243501,18.1596727,3.405437994,-7.584010167,3.336687029,-2.713789168,-0.082643848,-10.0756006
85,746,Tundra,383,48.6667,-4.06667,MOG-55,Valerie,Le Corre,MOG,US,US,4.199910449,4.178151535,0.186834731,-4.56913939,-2.038830201,7.32884198,5.091104993,-6.644247446,-8.887927628,5.317429518
86,747,Andover,497,46.6667,4.11667,TOU-A1-133,Fabrice,Roux,TOU-A1,US,US,9.427856135,-0.794785363,-1.320078588,0.809017634,-3.088715697,-1.012239974,-0.264336152,-5.88563983,-4.878355242,8.590901813
87,748,CanelaRusset,646,46.6667,4.11667,TOU-A1-77,Fabrice,Roux,TOU-A1,US,US,-6.867279591,2.405524308,9.105278265,-0.705301767,-6.788552951,-1.738350116,-10.41763249,-3.316623409,-3.399253718,1.958474634
88,749,GrandFalls,915,48.5167,-4.06667,LDV-70,Valerie,Le Corre,LDV,US,US,-6.393224147,-1.782787641,5.95789774,-4.205849379,-3.976499246,-0.092628594,1.563043379,4.429437909,0.415914494,1.339610275
89,750,HighlandRusset,528,46.65,0.166667,VOU-8,Valerie,Le Corre,VOU,US,US,-6.843915047,-1.535064098,8.947127447,-2.134013361,1.622098262,-1.294916236,-1.065629964,3.996260683,-5.134278994,9.214005914
90,751,IvoryCrisp,456,46.65,-0.25,PAR-9,Valerie,Le Corre,PAR,US,US,9.158653938,-9.015466529,4.928357585,1.467304214,4.816046956,0.390025498,1.555036329,-6.979772321,1.772955661,-2.021491394
91,752,LaChipper,380,48.2667,-4.58333,CAM-45,Valerie,Le Corre,CAM,US,US,0.964205666,-1.704271169,-0.845439236,6.675411385,-1.046376739,-4.259453185,6.09913245,2.094913149,3.120240931,-0.036739884
92,753,Modoc,459,48.2667,-4.58333,CAM-42,Valerie,Le Corre,CAM,US,US,-3.710784129,-3.389704534,3.179931823,2.304499914,5.299586845,0.037106115,-5.31676773,3.369959675,4.732128433,-6.10405628
93,754,Kalkaska,461,47.3833,5.31667,MIB-67,Valerie,Le Corre,MIB,US,US,-2.686704144,2.46645787,2.524202596,-0.483418161,0.948487116,5.218823484,5.63076613,0.600509991,-7.918241664,3.683967519
94,755,RedMaria,590,45,1.75,CUR-5,Valerie,Le Corre,CUR,US,US,-6.12131642,1.757859851,9.415613732,1.3826334,-2.164583018,3.791631635,-6.771733433,-0.704914624,6.853479406,0.326971583
95,756,Lamoka,482,46.6667,4.11667,TOU-H-10,Fabrice,Roux,TOU-H,US,US,13.91876796,-0.330643626,5.869500929,3.12853555,-0.343769027,-0.467778072,8.155753096,-4.941981513,-6.179845357,0.981906061
96,757,Winema,446,46.65,0.166667,VOU-4,Valerie,Le Corre,VOU,US,US,-4.255386702,0.177618195,5.015792263,3.687688794,2.073917802,2.369816127,-1.762523765,5.284853235,8.82820578,0.987544808
97,758,YankeeChipper,420,47.3833,5.31667,MIB-61,Valerie,Le Corre,MIB,US,US,13.5649784,1.07630289,0.872734744,-3.545798076,-7.998050425,-3.587599411,-1.082102755,1.312899988,1.677842312,-2.794567296
98,759,RussetBurbank,399,45,1.75,CUR-9,Valerie,Le Corre,CUR,US,US,-10.48991683,2.535770322,8.797984533,-2.657788357,0.848620109,-9.935268066,-0.340614271,1.590771999,-4.537680256,6.395025507
99,760,Atlantic,666,48.2667,-4.58333,CAM-58,Valerie,Le Corre,CAM,US,US,34.75593246,3.327376053,-3.699957127,-7.016933864,-8.55054792,-11.93475364,-9.261734575,4.848005176,-4.241972787,0.722794855
100,761,Superior,479,46.6667,4.11667,TOU-A1-23,Fabrice,Roux,TOU-A1,US,US,-10.94698774,-33.8783753,-8.680989185,-12.53620315,-15.99905806,-2.016297364,6.785644262,-1.80607391,3.449652694,-1.721237906
101,762,RioGrandeRusset,425,47.3833,5.31667,MIB-83,Valerie,Le Corre,MIB,US,US,-11.81633474,-2.136470707,14.88089607,-2.723737063,-2.089237862,-1.807174464,-3.475637543,12.42310176,-2.695004017,6.938406431
102,763,PremierRusset,674,47.3833,5.31667,MIB-1,Valerie,Le Corre,MIB,US,US,-10.33118525,-1.783537175,13.41715673,1.636748658,-3.314541086,-6.6904951,-8.743963895,2.147353781,-2.494604103,2.959951472
103,764,Wauseon,710,47.3833,5.31667,MIB-90,Valerie,Le Corre,MIB,US,US,10.43249388,8.878334633,0.913143392,11.05136259,-13.81211484,-11.1738956,9.03705887,4.384828157,0.997883428,3.228428595
104,765,Lenape,476,46.6667,4.11667,TOU-F-1,Fabrice,Roux,TOU-F,US,US,20.62590191,-4.148887561,-0.7992159,-12.01579246,13.6594488,4.925361877,-2.771078862,-1.653879394,2.562797081,0.595658167
105,766,ArirangNo.1,351,47.3833,5.31667,MIB-89,Valerie,Le Corre,MIB,SK,SK,11.88657384,-1.082578016,4.025878727,-4.002685669,5.914578078,3.001415339,0.804461543,1.158984172,6.088914276,-4.758683972
106,767,Oryun,534,47.3833,5.31667,MIB-92,Valerie,Le Corre,MIB,SK,SK,14.93944905,4.307789376,-3.766699693,-0.317452585,-4.998902748,-0.517123163,0.659640587,9.521928312,-3.320527822,4.26890721
107,768,Pungnong,490,47.3833,5.31667,MIB-77,Valerie,Le Corre,MIB,SK,SK,8.615048095,4.324584177,3.260077627,0.617886141,2.099027601,2.190028722,1.97913128,-3.477184862,5.932651797,3.052961996
108,769,HongJiseul_Psf,523,47.3833,5.31667,MIB-43,Valerie,Le Corre,MIB,SK,SK,-4.28515837,-2.506758762,-3.883344331,6.372248721,-3.63102168,7.579850455,-10.09427508,-6.012823709,5.300237557,2.060014613
109,770,Daekwan1-143,793,46.65,0.166667,VOU-10,Valerie,Le Corre,VOU,SK,SK,-0.840617749,-8.699519219,-3.768641549,-8.730394317,-10.03749343,1.66406631,-2.937795047,2.58172306,1.414158416,-6.314396029
110,771,Suseon,522,46.6667,4.11667,TOU-A1-75,Fabrice,Roux,TOU-A1,SK,SK,-3.026485956,-6.282052306,-0.314559558,3.046825968,6.062121736,4.971125818,2.740469709,2.759226314,-0.300116094,1.660101009
111,772,ArirangNo.2,464,47.3833,5.31667,MIB-16,Valerie,Le Corre,MIB,SK,SK,2.072199097,5.101057473,-1.620825605,-0.89533508,-1.144563474,-0.849484991,4.561151066,6.959713583,-1.855760827,2.057449367
112,773,Daekwan2-66,394,48.65,-2,RAN,Valerie,Le Corre,RAN,SK,SK,0.375230604,-13.03728849,-8.271587804,3.359165637,5.636111318,6.834301052,-0.946491532,6.970970426,-2.118164963,-4.797411605
113,774,Hichip,486,47.3833,5.31667,MIB-64,Valerie,Le Corre,MIB,SK,SK,9.671856725,-4.601282914,-6.05943722,-0.16612974,4.07364478,3.454667094,-2.676668762,1.164101372,2.621258416,-3.791170078
114,775,Daekwan2-67,462,46.6667,4.11667,TOU-A1-69,Fabrice,Roux,TOU-A1,SK,SK,5.468651212,-5.519030781,4.331980308,0.002644572,5.896251513,-1.28678357,-0.450963856,0.878930327,1.286980461,-4.373600211
115,776,Daekwan2-68,501,47.3833,5.31667,MIB-70,Valerie,Le Corre,MIB,SK,SK,13.0280773,-1.593888101,-7.541497492,5.624227097,-2.088879324,-4.37015576,2.181436586,6.563703844,-1.141519844,3.157071293
116,777,Daekwan2-69,594,46.6667,4.11667,TOU-L-17,Fabrice,Roux,TOU-L,SK,SK,9.973524376,-1.708813405,1.951204218,0.513323419,0.692587599,1.649186356,0.004002698,1.908873271,3.220127925,-7.589406518
117,778,Suji,493,46.6667,4.11667,TOU-A1-65,Fabrice,Roux,TOU-A1,SK,SK,14.33091047,-1.585181212,1.689351501,-2.884913677,-4.600430659,-1.125923596,-2.429056209,-1.744749223,-1.8035915,-3.046385975
118,779,EarlyFri,954,47.3833,5.31667,MIB-76,Valerie,Le Corre,MIB,SK,SK,7.798597086,-3.947958741,2.207218862,-3.547700025,12.19047493,6.018608801,-2.220865146,-7.33293349,1.965889123,3.859458439
119,780,Jaekyo-P-14,550,46.6667,4.11667,TOU-A1-111,Fabrice,Roux,TOU-A1,SK,SK,3.057305471,-4.928752243,-7.729778987,10.83464095,-0.389610569,2.601841326,-1.382761569,2.974057993,0.400912735,8.017036776
120,781,Jaekyo-P-15,648,45,1.75,CUR-7,Valerie,Le Corre,CUR,SK,SK,-1.73753621,-4.02833937,-4.791935777,3.635508069,-1.849845456,7.676532608,-10.82686594,-7.226323456,6.950558327,3.72775276
121,783,Mangang,476,46.6667,4.11667,TOU-A1-26,Fabrice,Roux,TOU-A1,SK,SK,16.22825675,3.114971627,-1.881024151,-1.91772325,-4.468950987,2.373568994,2.338453469,10.16570929,-3.861032969,-4.14382763
122,784,Gangseon,420,46.6667,4.11667,TOU-L-5,Fabrice,Roux,TOU-L,SK,SK,5.270246504,-6.427947482,-3.099811923,1.229864176,8.726096172,2.377169635,0.56093269,4.067385444,4.414657791,-9.010721001
123,785,Tamna,720,46.6667,4.11667,TOU-L-10,Fabrice,Roux,TOU-L,SK,SK,4.015191393,-5.46645397,-8.066136552,8.966789873,-2.429025169,2.104299609,-2.087056658,3.108091248,-1.624777704,9.939905681
124,786,Daekwan1-152,631,47.3833,5.31667,MIB-40,Valerie,Le Corre,MIB,SK,SK,2.945803856,-7.236250506,-5.200442641,-5.471880771,-3.99891291,1.060352077,8.070999467,7.301782781,-1.023933771,4.001590912
125,787,Daekwan1-153,869,47.3833,5.31667,MIB-86,Valerie,Le Corre,MIB,SK,SK,10.46670493,-11.95821503,-1.35822668,-9.971111311,-5.695061315,-3.220235171,0.036174963,-6.110866409,2.1190349,5.644465022
126,788,Daekwan1-158,696,45,1.75,CUR-4,Valerie,Le Corre,CUR,SK,SK,-5.836214911,-14.08064529,-3.089198483,-7.07200999,-6.811343071,-1.988272413,3.559810621,-5.089764016,0.667551355,-1.156769471
127,789,GoldenBall,736,47.3833,5.31667,MIB-87,Valerie,Le Corre,MIB,SK,SK,10.85572388,-0.388626729,3.035920239,-3.895675594,7.190184047,6.211111319,-0.914930066,-3.002130399,3.418212457,-3.782237351
128,790,Daekwan1-159,835,46.6667,4.11667,TOU-A1-131,Fabrice,Roux,TOU-A1,SK,SK,7.151098326,-1.449651356,-2.055776148,1.045977116,-8.791591957,-3.998104873,7.526314579,0.598301378,2.521138952,1.083395232
129,791,GoldenEgg,645,47.3833,5.31667,MIB-19,Valerie,Le Corre,MIB,SK,SK,-4.198478943,4.427794254,4.485484682,-0.737415986,-6.113610304,0.508531773,2.407541004,2.806467872,0.628361202,-8.884544163
130,792,Daekwan1-160,878,46.6667,4.11667,TOU-H-3,Fabrice,Roux,TOU-H,SK,SK,4.490419555,-0.524774048,-1.602769491,3.671467218,-5.506417149,1.357440443,4.381515044,-6.29776295,2.603816275,0.863564981
131,793,Dano,814,46.6667,4.11667,TOU-A1-128,Fabrice,Roux,TOU-A1,SK,SK,-10.8236651,-33.97165777,-8.806911775,-12.48068541,-16.0842227,-1.916018437,6.816878855,-1.769556725,3.551882347,-1.798516136
132,794,Daekwan2-56,888,47.3833,5.31667,MIB-75,Valerie,Le Corre,MIB,SK,SK,18.87963054,3.371983544,-11.7129768,6.54627291,-1.312614129,6.361937751,-20.10718624,-3.54835904,-7.803951277,0.899289825
133,795,Daekwan1-139,868,46.6667,4.11667,TOU-A1-70,Fabrice,Roux,TOU-A1,SK,SK,4.756733389,-5.534840463,0.781457552,-0.850477301,-4.451026409,-4.067634609,8.136062746,3.922341605,2.053335492,0.226587519
134,796,Daekwan2-57,846,46.6667,4.11667,TOU-A1-41,Fabrice,Roux,TOU-A1,SK,SK,-0.527948895,-15.04194712,-3.145418724,-8.08007116,-3.15623101,-1.071277832,3.755600019,-0.534184581,3.68283735,-4.929695997
135,797,Daekwan1-144,745,47.3833,5.31667,MIB-20,Valerie,Le Corre,MIB,SK,SK,20.38146358,6.010282967,-3.076141994,-4.867263308,3.095886542,-4.128337653,-1.178919892,11.80796899,4.602854991,-5.459883441
136,798,Daekwan2-58,760,46.6667,4.11667,TOU-A1-81,Fabrice,Roux,TOU-A1,SK,SK,0.285462728,-4.767643613,0.996729263,3.387596558,12.97114561,8.421456696,5.488027491,-0.023833807,1.667369149,7.36295814
137,799,Daekwan1-145,512,48.5167,-4.06667,LDV-6,Valerie,Le Corre,LDV,SK,SK,-7.034189642,-15.0724559,-6.376135618,-5.829302821,-5.125212284,3.454251694,9.04685181,5.398218955,-2.541091782,-1.757974478
138,800,Daekwan2-60,932,48.5167,-4.06667,LDV-44,Valerie,Le Corre,LDV,SK,SK,8.440247579,0.646463269,-4.699312519,-1.407920079,-1.405048798,4.326623818,-4.256395006,-0.4856155,8.148448733,-0.045623044
139,801,Daekwan1-146,595,46.6667,4.11667,TOU-A1-125,Fabrice,Roux,TOU-A1,SK,SK,-4.55161536,-12.10948705,-3.440076322,-2.774153932,-2.932583396,4.29280952,3.800683214,3.082673826,1.868488683,0.492827024
140,802,Daekwan2-62,724,46.6667,4.11667,TOU-K-2,Fabrice,Roux,TOU-K,SK,SK,1.748627389,-0.989908676,-2.256708585,-1.035145492,7.785279742,10.37209716,0.265554526,6.806414221,8.491540639,0.286247638
141,803,Daekwan1-148,667,45,1.75,CUR-6,Valerie,Le Corre,CUR,SK,SK,2.810925785,-10.0648242,-3.519968031,-8.073727537,2.147080616,3.339794026,4.031042089,1.728191755,5.758895228,-3.857202709
142,804,Daekwan2-63,635,46.6667,4.11667,TOU-A1-85,Fabrice,Roux,TOU-A1,SK,SK,18.87333173,3.383971493,-11.71965624,6.551136031,-1.29680104,6.351316519,-20.11743024,-3.575217048,-7.778849023,0.894308931
143,805,Daekwan1-149,713,47.3833,5.31667,MIB-80,Valerie,Le Corre,MIB,SK,SK,5.698195607,-10.21152309,-0.110476806,-10.2447593,6.03706698,6.696601863,-3.297317148,-3.797066339,0.961363113,1.964696046
144,806,Daekwan2-65,677,46.6667,4.11667,TOU-A1-45,Fabrice,Roux,TOU-A1,SK,SK,8.535502449,0.558049149,0.662625264,-1.07214088,10.16689804,7.626212803,1.800114866,2.781929165,7.687887577,-4.265802328
145,807,Hongseon,587,47.3833,5.31667,MIB-60,Valerie,Le Corre,MIB,SK,SK,-5.120883024,-5.985323851,-6.458785614,6.753970359,3.739815621,0.848481121,-4.756719599,8.160005803,5.76342241,-0.740384338
146,808,Doobaek,773,46.6667,4.11667,TOU-A1-105,Fabrice,Roux,TOU-A1,SK,SK,18.91333933,-3.542188207,4.091295921,-7.103352058,-0.866052121,-3.47884556,1.225448647,-4.094150878,5.222730553,5.548792866
147,809,Daeji,931,47.3833,5.31667,MIB-69,Valerie,Le Corre,MIB,SK,SK,1.362590759,-1.842805873,-21.00785324,21.95561814,4.040260254,-0.278296893,-12.49767394,5.970948449,-7.933443007,1.836974291
148,810,Jayoung,594,48.5167,-4.06667,LDV-53,Valerie,Le Corre,LDV,SK,SK,3.650142753,-0.351131462,4.748584259,-5.503117674,2.463086738,4.854072514,-11.23513916,0.563094606,10.32060466,-8.344475843
149,811,Sepoong,751,46.6667,4.11667,TOU-A1-84,Fabrice,Roux,TOU-A1,SK,SK,-2.974740607,1.250261851,4.212843051,4.488314391,2.685543709,3.06197063,1.224445684,-2.251412981,4.756874024,6.005409158
150,812,Sumi,866,48.5167,-4.06667,LDV-8,Valerie,Le Corre,LDV,SK,SK,-10.75950027,-33.61511098,-8.774596677,-12.42495994,-15.99120135,-1.931497066,6.541713449,-1.945424846,3.683945692,-1.572088777
151,813,Jinseon,729,47.3833,5.31667,MIB-73,Valerie,Le Corre,MIB,SK,SK,2.117381786,-2.471352326,1.292443247,1.885101484,-2.488537494,-0.207999779,-3.564890278,7.561341849,-0.525827121,-2.042639049
152,814,Jowon,684,46.6667,4.11667,TOU-A1-37,Fabrice,Roux,TOU-A1,SK,SK,-1.794440987,-7.181516802,3.232607155,7.710059628,-5.162364997,-6.234456414,2.964110535,-5.899264737,0.624967804,-4.983642492
153,815,Chubaek,778,47.3833,5.31667,MIB-35,Valerie,Le Corre,MIB,SK,SK,-5.108867701,-13.59254479,-12.74730969,4.381556987,0.826427608,0.346962107,-0.808853084,9.697305178,6.182846794,-0.941432868
154,816,Hongyoung,722,46.6667,4.11667,TOU-A1-33,Fabrice,Roux,TOU-A1,SK,SK,-8.551612325,2.798036392,4.535650365,1.221528687,-6.473377287,12.23406011,-11.52868044,-6.512622629,11.34961398,-0.039282685
155,817,Jopoong,506,46.6667,4.11667,TOU-A1-129,Fabrice,Roux,TOU-A1,SK,SK,-5.657915993,-11.15463865,-4.257441599,-2.817299357,-2.704126438,1.621215999,1.61668894,-1.807055887,-1.043079156,-1.92516487
156,818,Seohong,638,47.3833,5.31667,MIB-32,Valerie,Le Corre,MIB,SK,SK,-4.230891232,-13.68168164,2.741654538,-5.221219919,-1.174157393,1.955613478,2.162838552,0.369890914,2.839018432,4.130762371
157,819,Haryeong,447,46.6667,4.11667,TOU-A1-120,Fabrice,Roux,TOU-A1,SK,SK,11.63954114,1.964171656,4.500105242,-5.043966324,8.901525444,9.413062207,0.45061898,3.532823382,6.413716124,-8.534772261
158,820,Daeseo,494,46.6667,4.11667,TOU-A1-124,Fabrice,Roux,TOU-A1,SK,SK,34.71361001,3.088171853,-3.7346624,-7.040764936,-8.487779191,-11.801092,-9.442066868,5.113461492,-4.286635835,0.50094325
159,821,Goun,448,47.3833,5.31667,MIB-17,Valerie,Le Corre,MIB,SK,SK,12.18137925,-6.379189145,-8.255717665,-1.056688337,-1.589543811,1.999394842,-5.327732026,2.80850111,-0.269957571,1.313736166
160,822,Sinnamjak,400,46.6667,4.11667,TOU-A1-79,Fabrice,Roux,TOU-A1,SK,SK,-3.457559963,-4.420204219,-0.457079302,2.962354113,6.360525667,-15.77651324,-3.285664187,-3.568556954,2.581900133,-8.296678562
161,823,Daegwang,687,48.5167,-4.06667,LDV-68,Valerie,Le Corre,LDV,SK,SK,12.17386283,4.105224476,2.573661329,-6.499318806,3.914314634,-2.968896294,-2.835569104,5.472870374,1.927221812,-4.886936581
162,824,ChuGang,683,46.6667,4.11667,TOU-A1-74,Fabrice,Roux,TOU-A1,SK,SK,-4.469329619,-17.58821213,-14.6552488,4.979095595,-0.346642432,4.301087154,0.130929198,4.94293268,-5.293593843,1.44759964
163,825,Daekwan1-129,645,48.2667,-4.58333,CAM-56,Valerie,Le Corre,CAM,SK,SK,10.84321325,2.23288384,1.445214775,0.113827386,3.865402028,0.254597813,2.016003818,6.08393287,-0.991182301,3.864954382
164,826,Namjak,558,47.3833,5.31667,MIB-23,Valerie,Le Corre,MIB,SK,SK,-9.022987551,3.001070953,-6.315751666,-11.73603632,16.22799895,-15.17674391,-0.420037928,3.249896142,4.208017115,3.622867574
165,827,Namseon,525,47.4,0.683333,CYR,Valerie,Le Corre,CYR,SK,SK,-1.800185512,-11.23983937,-4.372422061,6.961782039,3.256765377,4.124605969,3.461270393,-3.75956313,-4.971545176,-1.257094959
166,828,Chudong,1118,46.6667,4.11667,TOU-A1-98,Fabrice,Roux,TOU-A1,SK,SK,-5.144328375,-17.10441712,-12.45421069,2.793831372,-3.084849653,2.078937988,-5.490072939,-2.831918412,-5.773144199,1.46204638
167,829,Daekwan2-41,428,46.6667,4.11667,TOU-A1-137,Fabrice,Roux,TOU-A1,SK,SK,8.989840907,-3.639930324,1.804045778,-3.463925431,2.287779533,-1.78995486,4.428823532,0.479913465,-5.0483522,-4.078237034
168,830,Chuyoung,652,47.3833,5.31667,MIB-100,Valerie,Le Corre,MIB,SK,SK,-5.08746204,-17.03086188,-11.44856402,4.136338314,-0.373421673,0.791183943,2.937903259,5.830008599,-2.751317824,4.076866973
169,831,Eunseon,540,46.6667,4.11667,TOU-A1-27,Fabrice,Roux,TOU-A1,SK,SK,-4.819629613,-13.2070005,-0.844335172,3.443025581,4.276799773,5.058109736,2.002360895,-6.329629432,-6.127955607,-0.593439999
170,832,Bangul,971,46.6667,4.11667,TOU-A1-63,Fabrice,Roux,TOU-A1,SK,SK,13.62318705,-0.374210415,-5.63958162,0.848873261,-3.033509562,3.228200421,-9.041050051,5.133497882,-1.221950606,4.572704992
171,833,Saebong,544,47.3833,5.31667,MIB-24,Valerie,Le Corre,MIB,SK,SK,12.26101877,-1.475503094,-0.450544778,-1.699505137,-3.615257142,-2.88777382,-0.017071753,5.333218967,1.717307685,-7.718800593
172,834,Jeseo,453,47.3833,5.31667,MIB-11,Valerie,Le Corre,MIB,SK,SK,-2.556660219,-6.457499483,-12.55383528,10.34646966,-0.309539084,5.689708458,-11.08408546,-4.235670366,-6.218967338,0.708537649
173,835,Dami,564,48.8,2.26667,CLA-7,Valerie,Le Corre,CLA,SK,SK,7.068516772,1.2180171,4.312448556,-3.700646543,-4.798304037,-5.522748994,-3.286440792,5.589269441,-1.391521218,-4.608205265
174,836,Geumseon,527,46.6667,4.11667,TOU-A1-143,Fabrice,Roux,TOU-A1,SK,SK,-0.432571801,-9.332576874,-9.862493513,3.273312891,1.759410887,1.974019386,3.233646216,3.219073843,-3.002789007,1.417351424
175,837,Jungmo9001,811,47.3833,5.31667,MIB-93,Valerie,Le Corre,MIB,SK,SK,3.487957823,-2.359650232,-6.182888723,3.032377218,10.56933061,3.304251991,2.984552408,9.269737532,8.394476064,1.372672568
176,838,Daekwan1-123,624,48.5167,-4.06667,LDV-57,Valerie,Le Corre,LDV,SK,SK,9.78467386,-2.128474281,4.34902688,0.208136797,2.563062158,-1.136193468,-3.413864404,1.379705984,5.749765339,-9.425856284
177,839,Norin1,1020,48.5167,-4.06667,LDV-16,Valerie,Le Corre,LDV,JP,JP,-8.354479862,0.296171273,-11.05887755,-7.422821374,15.86232639,-7.84609404,1.072016385,-0.309993725,-4.465134316,-1.677789113
178,840,Eniwa,491,46.6667,4.11667,TOU-A1-117,Fabrice,Roux,TOU-A1,JP,JP,-4.254798176,2.83502316,-4.819791174,-8.034067018,5.980563196,-1.337472131,-7.385424169,2.318489943,-1.513555211,-0.155487009
179,841,Yukijiro,616,47.3833,5.31667,MIB-33,Valerie,Le Corre,MIB,JP,JP,-3.234844246,-2.307890444,-1.860158127,-4.648024248,5.183517853,-8.174826036,-2.365314017,5.032236586,1.359517144,9.709458566
180,842,Chijiwa,1389,48.5167,-4.06667,LDV-30,Valerie,Le Corre,LDV,JP,JP,-5.968104698,2.779446095,-4.054034192,2.674102054,3.785695511,-10.56703577,3.600053453,-0.886866542,-2.842002515,-7.177626508
181,843,Hokkai-aka,1014,47.3833,5.31667,MIB-2,Valerie,Le Corre,MIB,JP,JP,-6.631643694,4.34872662,-2.057781128,-7.153971672,-1.02580441,1.799399087,-1.543252284,-7.535290479,-10.50742788,-5.499473536
182,844,Shiretoko,1054,46.65,0.166667,VOU-7,Valerie,Le Corre,VOU,JP,JP,-8.230789363,3.916091952,-2.915267415,-0.820278979,2.864566133,-7.331209057,-4.124234869,2.581816244,4.57072277,4.109911727
183,845,Bihoro,622,46.6667,4.11667,TOU-A1-109,Fabrice,Roux,TOU-A1,JP,JP,-8.762012736,5.40641692,-1.759800559,-4.66384835,1.277791656,3.682000233,0.8765367,-7.655751659,-8.220998855,-3.812681031
184,846,Tarumae,1137,48.6667,-4.06667,MOG-40,Valerie,Le Corre,MOG,JP,JP,-5.816683778,3.027063099,-8.893368743,-6.544655011,7.216766764,-10.08884661,1.494995252,2.492378587,-3.12115653,-0.496443661
185,847,Dejima,700,48.5167,-4.06667,LDV-25,Valerie,Le Corre,LDV,JP,JP,1.150193956,-1.488379737,-21.24906856,21.90305648,4.002660814,-0.372589559,-12.59349533,5.59897184,-7.962391591,1.936318394
186,848,Waseshiro,957,46.6667,4.11667,TOU-D-5,Fabrice,Roux,TOU-D,JP,JP,-5.006189525,4.379451917,-4.746494579,-7.609318533,7.733797032,-5.293120489,-2.438817837,-11.99139421,5.133833675,4.540807262
187,849,Toyoshiro,1004,48.5167,-4.06667,LDV-3,Valerie,Le Corre,LDV,JP,JP,-5.854968726,6.87553224,-8.763229776,-7.31339386,0.993556784,4.034938849,-1.472952302,9.915630839,-5.647854337,-2.593734908
188,850,Norin2,653,47.3833,5.31667,MIB-14,Valerie,Le Corre,MIB,JP,JP,-8.400777197,6.181192541,-3.955473503,-8.669921703,3.690740221,-8.677394152,-0.955635613,4.495469057,-4.994278077,2.035173915
189,851,Setoyutaka,809,48.2667,-4.58333,CAM-25,Valerie,Le Corre,CAM,JP,JP,-3.841431543,2.100498673,-5.809493413,3.46262117,6.363824948,-9.486636595,2.476283073,-2.350508359,-3.222821497,-7.882625705
190,852,Nishiyutaka,448,47.3833,5.31667,MIB-55,Valerie,Le Corre,MIB,JP,JP,-1.752243596,-2.674272059,-8.377914262,11.81148875,-0.853063336,-6.158319713,-7.965944496,-2.648903457,-2.224234351,-5.457955209
191,853,Hatsufubuki,715,46.6667,4.11667,TOU-A1-60,Fabrice,Roux,TOU-A1,JP,JP,-4.847461556,2.884063048,-7.029183627,-8.391698252,6.263429002,-8.669886507,2.602594902,3.721964609,1.486827543,2.505417114
192,854,Hokkaikogane,1096,46.6667,4.11667,TOU-E-7,Fabrice,Roux,TOU-E,JP,JP,-5.410800945,8.862701787,-8.609851722,-6.523384109,-0.7023017,4.896162079,-3.342075993,6.791302621,-9.515859525,-0.029344755
193,855,Konafubuki,597,46.6667,4.11667,TOU-A1-66,Fabrice,Roux,TOU-A1,JP,JP,-9.11764935,6.621610841,-7.566464946,-7.078565825,-1.23951203,3.562306096,2.727951298,7.101651177,-5.799123183,-7.173792228
194,856,Toyo-akari,554,46.6667,4.11667,TOU-C-2,Fabrice,Roux,TOU-C,JP,JP,-5.026505704,7.513374896,-8.154538444,-6.492938843,-2.320003665,8.685163632,0.803645146,5.435054492,-0.974170374,-1.347660541
195,857,Meihou,502,47.3833,5.31667,MIB-57,Valerie,Le Corre,MIB,JP,JP,-6.027281195,3.532236801,-7.343008845,5.642275383,4.596204964,-3.310758764,3.717460245,0.837714851,-5.464985252,-6.053855435
196,858,Kita-akari,557,47.3833,5.31667,MIB-54,Valerie,Le Corre,MIB,JP,JP,-6.43772159,6.705559216,-10.51536392,-6.598544459,7.022521308,-4.966618869,3.310515543,-2.719296935,1.23227745,7.610973282
197,859,Ezo-akari,545,46.65,-0.25,PAR-10,Valerie,Le Corre,PAR,JP,JP,-2.875505274,6.342189366,-4.34746246,-6.3264179,-0.358119729,0.625138594,-1.28300674,-2.646368522,-3.703602702,1.203429894
198,860,Touya,377,45,1.75,CUR-2,Valerie,Le Corre,CUR,JP,JP,3.835818853,6.422962266,-6.385182278,5.538853353,1.474716821,-4.578274363,9.503176654,-4.99737703,9.63584985,16.76365697
199,861,Chitose,471,45.2667,1.48333,ALL2-1,Valerie,Le Corre,ALL2,JP,JP,-9.481149168,3.579139597,-1.214990902,-6.688379007,2.98452011,-7.200744141,-6.160373672,-3.127290895,4.053848402,-6.255188989
200,862,Musamaru,442,47.3833,5.31667,MIB-36,Valerie,Le Corre,MIB,JP,JP,-6.00474315,7.415653868,-5.259963471,-1.475341329,-11.2966439,7.178184543,1.317029247,-7.234929286,-4.254757278,-5.345047234
201,863,Beni-akari,629,48.7,1.98333,DAM1,Valerie,Le Corre,DAM1,JP,JP,-0.389476405,10.46223976,-6.638523521,0.399586815,-8.520396008,3.543474011,3.973672731,-5.904619497,8.094827349,-1.787417617
202,864,Sakurafubuki,457,47.3833,5.31667,MIB-63,Valerie,Le Corre,MIB,JP,JP,-8.667444547,7.769873703,-5.051090735,-5.820847522,-2.631004624,5.527578161,-0.045460282,7.689014294,-2.634444985,-8.778669843
203,865,Aino-aka,432,48.2667,-4.58333,CAM-64,Valerie,Le Corre,CAM,JP,JP,-3.495665431,-2.36292683,-8.388177322,9.637204785,4.098410827,5.132756781,-3.210400299,8.425574767,2.704751993,1.842327984
204,866,Sayaka,734,47.3833,5.31667,MIB-37,Valerie,Le Corre,MIB,JP,JP,-1.548226558,7.030238526,-3.103728798,5.744800266,-7.090389866,-1.31217406,6.83119397,-0.670209124,8.540308623,9.110796839
205,867,EarlyStarch,480,46.6667,4.11667,TOU-A1-18,Fabrice,Roux,TOU-A1,JP,JP,-0.297553843,6.843526421,-6.244181913,-0.841821431,-9.929507684,-3.735853957,-0.251409848,-8.54922383,4.949652769,0.767444193
206,868,Hanashibetsu,424,46.6667,4.11667,TOU-C-1,Fabrice,Roux,TOU-C,JP,JP,0.748525343,9.460397462,-3.597492014,5.680816121,-8.751225938,-0.836994835,7.578085425,-3.942969696,4.717595923,-3.55103974
207,869,Fugenmaru,562,48.6667,-4.06667,MOG-12,Valerie,Le Corre,MOG,JP,JP,-3.107696747,4.253731986,-12.63996313,5.194495897,2.237791697,4.411764851,1.516397137,0.835477184,2.836601418,9.937439886
208,870,StarQueen,761,46.6667,4.11667,TOU-A1-61,Fabrice,Roux,TOU-A1,JP,JP,-2.050566075,6.457785116,-1.531947781,-1.979049622,-5.740723768,3.681450718,8.181172342,4.296871681,-4.488271199,0.354959469
209,871,Tokachikogane,475,46.65,-0.25,PAR-6,Valerie,Le Corre,PAR,JP,JP,2.054729787,8.289476598,-3.896510438,2.634713907,-5.668582947,-8.065186086,0.744865361,-3.942301286,5.076366855,5.128305419
210,873,Oojiro,682,45,1.75,CUR-8,Valerie,Le Corre,CUR,JP,JP,-7.001057052,2.104160161,-10.40434276,-11.80851988,15.87236776,-9.807013088,0.31993243,-0.126351734,-0.578372622,2.74979125
211,874,Yukirasha,547,47.3833,5.31667,MIB-9,Valerie,Le Corre,MIB,JP,JP,-5.448623897,1.24370525,-0.476227741,-1.772609748,-2.407594092,-1.935507953,-0.823338904,-3.603158107,1.447690537,8.166205298
212,875,Haru-akari,393,47.3833,5.31667,MIB-39,Valerie,Le Corre,MIB,JP,JP,-4.746183754,3.03028681,-12.42930859,10.69853117,0.937162775,-2.233750118,0.134432759,1.475431072,1.817927414,1.704044009
213,876,InkaPurple,593,48.2667,-4.58333,CAM-7,Valerie,Le Corre,CAM,JP,JP,-8.505910234,8.163356817,-2.45312391,-3.879060359,6.454415055,-1.066090842,-0.366411214,-8.369788342,1.47076168,-3.177511705
214,877,InkaRed,638,45.2667,1.48333,ALL1-9,Valerie,Le Corre,ALL1,JP,JP,-9.407548537,7.078351919,1.096911938,-3.142389695,6.763313737,3.389627975,3.477951264,2.041696115,7.589439564,-6.857438778
215,878,Natsufubuki,661,45.2667,1.48333,ALL1-5,Valerie,Le Corre,ALL1,JP,JP,-4.036602926,12.9960809,-4.827938441,-0.769013047,-9.228488081,6.721586971,6.469269416,-1.87527084,-4.41057008,2.643629665
216,879,Aiyutaka,660,47.35,3.93333,MAR2-3,Valerie,Le Corre,02-Mar,JP,JP,-2.538762798,4.240809201,-13.04258102,10.92466965,0.805565801,3.047176452,-1.034672775,-2.34780874,1.544583103,5.249663047
217,880,StarRuby,703,46.65,-0.25,PAR-8,Valerie,Le Corre,PAR,JP,JP,-4.47603005,7.075587138,-2.328941229,1.783895416,-7.078659109,-0.64774526,2.568758075,-3.789871217,6.554608962,3.463541155
218,881,Kitamurasaki,565,48.2667,-4.58333,CAM-48,Valerie,Le Corre,CAM,JP,JP,-4.135576991,12.17101919,-4.610674955,-0.057895952,-5.16592098,0.077413795,7.642438448,-1.306323109,8.661783337,0.998026697
219,882,SnowMarch,669,45.2667,1.48333,ALL1-6,Valerie,Le Corre,ALL1,JP,JP,16.62531071,-1.465015625,-0.985037291,-6.134728639,0.46528104,-4.261105309,0.79328857,0.607477291,-1.984721628,-8.674798363
220,883,Unzen,541,46.6667,4.11667,TOU-D-1,Fabrice,Roux,TOU-D,JP,JP,-0.759683755,-2.060768904,-3.81006239,7.971899912,7.815296895,-15.18443694,0.386448504,-5.89393268,-0.920982027,-7.312417856
221,884,Okhotsk-chip,329,46.6667,4.11667,TOU-A1-73,Fabrice,Roux,TOU-A1,JP,JP,14.74649716,5.266312827,2.061373761,-3.551525678,-3.865036692,-1.070284887,-1.808963663,7.90114068,-3.847611664,6.438925194
222,885,Ranran-chip,320,46.6667,4.11667,TOU-A1-93,Fabrice,Roux,TOU-A1,JP,JP,1.802871543,8.314597945,-6.283265492,2.328223858,-6.133974118,-8.227229379,3.666545214,-7.657120498,4.861013971,8.903526966
223,886,Yukitsubura,562,45.5333,4.85,ROM-9,Valerie,Le Corre,ROM,JP,JP,-2.364673461,6.794803383,-1.205757943,2.156048616,-4.483285301,-3.929449389,3.143865077,-5.442015973,3.176383971,9.719716054
224,887,Koganemaru,498,46.6667,4.11667,TOU-A1-112,Fabrice,Roux,TOU-A1,JP,JP,-3.268264322,8.349216758,-6.976785486,-0.006919296,-7.199316381,3.095109307,0.028189159,-7.3061609,1.223503391,0.193364013
225,888,NorthernRuby,547,47.3833,5.31667,MIB-29,Valerie,Le Corre,MIB,JP,JP,-5.406366583,11.59902688,0.105043132,-1.199146367,-5.531327713,-0.640419376,-1.497283613,-4.513553604,10.49652442,-2.234190314
226,889,ShadowQueen,252,45.2667,1.48333,ALL1-7,Valerie,Le Corre,ALL1,JP,JP,-5.918468288,10.07632086,-0.64193469,-1.488441026,-1.723263997,1.334650063,3.400899887,2.750811627,11.08842015,-0.588514473
227,891,Saya-akane,156,47.3833,5.31667,MIB-62,Valerie,Le Corre,MIB,JP,JP,0.755579859,7.167942182,-2.966869437,2.983553469,-8.991767358,0.945855675,0.250801279,-2.326597938,4.470989834,-5.290681645
228,893,Haruka,431,51.3,0.5,EM-183,Eric,Holub,East Malling Research Station,JP,JP,-0.685945613,4.771735668,-3.623825007,9.813461274,-6.148135216,-0.143026517,2.703526994,-2.028163479,2.742104175,0.327549296
229,894,Konayuki,314,51.3,0.5,EM-134,Eric,Holub,East Malling Research Station,JP,JP,-8.291244404,8.35626228,-1.094588733,-4.333182238,-6.325493238,0.019928207,-5.655296342,-2.657308861,1.088528816,-8.568292732
230,895,Tachibana,217,55.9218,-3.17108,02B6,Andrew,Hudson,02 University of Edinburgh / Kings Buildings Campus / N. of Swann Blg,JP,JP,-2.787600111,-0.161987391,-8.936512762,14.72673421,6.236366978,-8.192144456,-4.518530026,3.058515667,0.009058281,-2.931018348
231,896,Piruka,227,55.9212,-3.17857,09A3,Andrew,Hudson,09 University of Edinburgh / Kings Buildings Campus / W. of SAC,JP,JP,-3.545873789,6.718938788,-5.215839686,4.077880019,-0.089481464,-9.216827087,0.215247238,1.283718223,3.570770242,-0.13691476
232,899,Hikaru,221,55.8877,-3.16377,12A1,Andrew,Hudson,12 Liberton,JP,JP,-0.323056882,4.282388078,-1.891602759,5.133457163,-1.654507356,0.031398025,7.454477358,-1.880901788,-7.389418843,-1.701657014
233,900,Kitakamui,252,55.8858,-3.16015,13B5,Andrew,Hudson,13 Straiton,JP,JP,1.002329356,5.650139109,-2.400343476,4.794615494,0.85346771,0.155279645,7.573645928,-1.953595776,5.847195313,12.22758098
234,901,RedMoon,261,57.9,-5.1525,Ullapool-3,James,Beck,Ullapool,JP,JP,-7.251971881,6.864286734,-0.388338818,0.06010467,-0.221654599,8.670226868,-0.936258119,3.861057639,10.18148183,1.236336936
235,902,WhiteFlyer,229,55.9681,-3.21833,Edinburgh-8,James,Beck,Edinburgh,JP,JP,10.08269003,4.568974686,5.788575717,-3.324590299,-0.237225219,4.35462115,1.674035964,4.372306613,0.754222965,8.969853455
236,903,NorthChip,207,55.9681,-3.21833,Edinburgh-5,James,Beck,Edinburgh,JP,JP,-1.093276237,5.856019952,-2.012826079,-3.145723986,5.489151446,7.207736547,0.766055808,2.194001888,-6.248154439,7.792486119
237,906,Kitahime,199,57.9,-5.1525,Ullapool-4,James,Beck,Ullapool,JP,JP,2.725047308,5.492015568,2.60013093,1.087351963,-4.478677225,1.84179798,6.366687254,1.417316183,6.258772673,9.868900788
238,907,TokachiPirika,253,51.3,0.5,UKSE06-032,Eric,Holub,East Malling Research Station,JP,JP,-6.697988576,0.063893614,-4.974127475,-6.944858414,0.233609165,0.322998192,-3.107277344,-4.35412338,0.840564039,2.752570614
239,909,Yoraku,303,54.6,-3.1,UKNW06-170,Eric,Holub,Brathay to Hawkshead rd / long wall pop.,JP,JP,-6.11436223,2.97732552,-5.19091912,-7.792879884,12.28046282,-5.253817386,3.158355111,-8.389631885,-4.765581576,-2.563002284
240,910,Benimaru,365,54.4,-3,UKNW06-101,Eric,Holub,Outgate / east side,JP,JP,-6.445379392,8.806290136,-0.971621561,-6.093585073,-3.823423534,-9.977537828,-4.883543469,-6.876955009,-0.136633757,-4.225383717
241,911,Inca-no-hoshi,245,54.4,-3,UKNW06-197,Eric,Holub,Skelfold rd / past church,JP,JP,-2.970001898,5.716259844,0.5122846,2.764438527,-2.210868507,3.310916629,1.247481416,-4.432766178,-6.427898984,-6.078476455
242,912,Hokkai50,335,54.6,-3.3,UKNW06-259,Eric,Holub,Scawgill Bridge,JP,JP,-7.756301275,-1.273049338,-4.405778506,-10.33775673,8.505716874,-8.162633508,-4.720447352,-4.68785648,9.152184274,-0.936427191
243,914,Bifukabeni,329,54.4,-3,UKNW06-105,Eric,Holub,Outgate / east side,JP,JP,-5.911146136,9.791874652,-3.799657351,-2.613724851,-1.208736349,4.521619985,4.204978736,2.439431569,-8.803892895,-4.850277293
244,915,Nemuromurasaki,353,54.4,-3,UKNW06-202,Eric,Holub,Brathay village / main A rd,JP,JP,-5.436532776,2.632757254,7.844575703,1.986292563,1.765605148,-2.519239581,7.752598061,1.308917179,2.485574076,-1.60417851
245,916,Myojo,233,54.4,-3,UKNW06-178,Eric,Holub,Brathay to Hawkshead rd / long wall pop.,JP,JP,-5.334941308,8.847745367,-4.687349221,-6.428774943,-2.974175757,9.004853918,-2.745380147,-2.633299242,-5.288334752,-5.439606887
246,921,DragonRed,139,50.4,-4.7,UKSW06-070,Eric,Holub,uk2006_holub,JP,JP,-6.512439472,3.743995914,-1.876027041,5.189472861,-1.193934139,2.705576573,0.102228133,8.746457644,9.258911368,0.711239253
247,923,Rishiri,259,50.4,-4.7,UKSW06-025,Eric,Holub,Twydreath,JP,JP,-8.566205568,6.536992465,-3.989086921,-6.344310666,7.201100964,-3.314487361,2.431502991,-5.043644728,-3.994494052,-0.372483105
248,933,LilasChip,513,51.3,1,UKID64,Eric,Holub,Rough Common,JP,JP,0.631201154,9.554154263,-7.48205009,2.584841077,3.256360877,-5.482127687,4.556587556,-3.512160507,11.45591011,13.43427147
249,934,Kintoki-imo,144,50.4,-4.7,UKSW06-157,Eric,Holub,Luxulyan,JP,JP,-3.913290245,4.788947836,5.831950668,-1.625083819,1.558565884,0.458743688,4.416934981,-2.660105836,2.95034913,-0.887461945
250,936,Kobo-imo,313,50.4,-4.9,UKSW06-227,Eric,Holub,St Dennis,JP,JP,-6.787016735,4.084417659,-0.258085012,-4.615548737,1.577620203,-6.586671827,3.777915599,4.344035057,-9.318085498,1.760359975
251,937,Seinaiji-ki-imo,380,50.4,-4.9,UKSW06-220,Eric,Holub,Indian Queen,JP,JP,-6.35877653,6.816880569,0.343867729,-1.106822098,-3.733883675,-0.633843072,7.04309047,6.894693398,-9.552763287,-5.163118187
252,938,Shizuki,182,51.3,0.4,UKSE06-350,Eric,Holub,Wateringbury,JP,JP,-0.265262505,1.57840447,-1.317606908,3.718828585,1.661068075,-1.466734327,0.544079504,-7.849367062,4.999188053,0.745511669
253,940,Konahime,431,52.6,1.3,UKID54,Eric,Holub,Norwich,JP,JP,-4.619314092,7.829465082,-2.598391328,-6.693274256,-2.312271682,-2.945148963,-0.450790267,-0.57510182,0.201251072,-11.41208537
254,941,PearlStarch,850,52.2,1.4,UKID34,Eric,Holub,Farnham,JP,JP,-6.113888284,5.816294917,-6.999600139,-3.405795816,-4.462646176,6.880959323,-0.202318999,-7.404758857,-2.2558286,-6.151437577
255,942,Poroshiri,644,54.1,-1.6,UKID33,Eric,Holub,Fountains Abbey,JP,JP,9.32717301,5.968822531,6.570949607,-5.430730113,-3.287965877,-2.211237212,-2.641526501,2.541871977,-2.491500231,6.20573071
256,943,Shimabara,585,55.3,-1.9,UKID65,Eric,Holub,Rothbury,JP,JP,-7.226784769,1.847743067,-7.456915359,-7.077099938,4.8749896,-0.4470642,-5.765155553,-3.998129304,-5.966476366,-6.011631696
257,944,Akanekaze,621,56.7333,-5.98333,UKID120,Eric,Holub,Ardtoe,JP,JP,-7.243879514,8.4552192,-0.687468374,2.277251,-2.163068671,2.75769459,-0.514915216,3.328611634,5.145911806,2.642520231
258,945,Kitamusashi,532,51,-1.5,Hil-1,Eric,Holub,Hillier Arboretum,JP,JP,-3.449049021,7.317000753,0.606330614,0.306091006,-4.318638553,-1.046871457,-1.267823117,-5.317103751,0.936925127,0.558043851
259,946,Konayutaka,701,55.4,-2.8,UKID39,Eric,Holub,Hawick,JP,JP,-6.516192295,8.827979933,-8.081114309,-6.17088725,-2.84792991,-1.987315154,-1.856129661,-7.683147157,-1.428618943,-6.977473564
260,947,Sanjyumaru,409,51.1,0.6,Sis-1,Eric,Holub,Sissinghurst garden,JP,JP,-2.756156291,0.683058926,-7.483808929,14.18362837,-1.106718642,0.190467521,-8.422715308,-6.53055333,1.637676965,-0.581654963
261,948,Harimaru,453,53,-1.1,UKID55,Eric,Holub,Nottingham,JP,JP,9.118929102,4.967999785,0.768665677,-3.917291157,-2.340189557,1.36413247,7.214246079,8.330463215,-7.394810809,-4.93717631
262,949,Nagasakikogane,302,51.3,0.3,Igt-1,Eric,Holub,Igtham,JP,JP,-6.808417538,7.416470239,2.494500356,1.328717935,1.458868898,7.028155541,5.328549512,6.350987954,3.130955181,-3.981979343
263,951,Bintje,267,55.6,-3.2,UKID58,Eric,Holub,Paddock Wood,EU,EU,-6.712708801,6.170293498,-2.318333012,-0.745163943,-1.166541998,-5.933736147,4.251048334,5.305746463,-1.760785508,-3.982941306
264,952,Satina,725,54.8,-3.3,Asp-1,Eric,Holub,Aspatria,EU,EU,-8.207534368,2.847020364,-2.304477254,1.165881866,-1.365578601,2.16660144,3.152136456,2.502496197,-3.550684142,1.416101644
265,953,Hindenburg,922,52.3,-1.6,UKID98,Eric,Holub,Kenilworth,EU,EU,-6.857856608,-0.519777902,-5.39589495,-7.544049324,-4.925240667,0.821618134,0.440500037,-9.737163211,-7.30423811,-1.603316792
266,954,Sante,409,51.3,0.9,UKID35,Eric,Holub,Faversham,EU,EU,-7.350890098,3.317572418,-0.85353178,-2.002695794,-0.902211623,8.800526157,2.035826798,-6.114304873,-4.386415609,-3.784297726
267,955,Eba_hlp,575,55.6,-3.5,UKID9,Eric,Holub,Biggar,EU,EU,-7.562375509,4.14957403,-4.589383189,1.65424034,-2.086886053,0.398952443,4.646908532,3.389831459,-4.762009362,-5.286110671
268,956,Elkana_hlp,583,54.1,-2.3,Set-1,D.,Ratcliffe,Settle,EU,EU,13.53825293,-0.727882014,-4.20805233,-1.40025214,0.054008005,1.382057917,-1.750473144,-2.260767856,4.572617985,-4.339821002
269,957,Tanja_hlp,604,51.2,1,UKID15,Eric,Holub,Chilham (BR Station),EU,EU,-4.985202763,3.931784893,1.307155415,-2.151565923,-3.444737816,10.78496309,2.411006461,-5.918354975,-6.855523309,-0.115031162
270,958,May Queen_hlp,479,57.3,-5.7,Kyl-1,Eric,Holub,Kyle of Localsh,EU,EU,-6.470920457,6.800827713,-2.534267666,0.241339589,-2.803316894,-5.823779898,5.037422131,2.286786115,-1.365959315,-1.908611916
271,959,Spunta_hlp,447,55.2,-2,UKID14,Eric,Holub,Cambo,EU,EU,-2.109786077,-0.878509118,-2.13658514,4.1762161,-3.819562268,3.111943829,-5.119160689,-5.996734432,0.553321744,-0.954959806
272,960,Papa Negras_hlp_Ps,666,52.1,-2.3,UKID108,Eric,Holub,Malvern Hill summit (north end),EU,EU,-7.971599587,10.35736347,3.866168898,0.189800773,-3.091904278,15.20987896,8.781474998,3.785530632,3.533139867,-4.67675645
